{"cameraMode":{"drawMode":0,"name":"Shaded","section":"Shading Mode"},"sceneLighting":true,"audioPlay":false,"sceneViewState":{"showFog":true,"showMaterialUpdate":false,"showSkybox":true,"showFlares":true,"showImageEffects":true,"showParticleSystems":true},"in2DMode":false,"pivot":{"x":-0.3448023796081543,"y":0.31126976013183596,"z":-1.9591064453125},"rotation":{"x":-0.028444040566682817,"y":0.9715621471405029,"z":-0.16958753764629365,"w":-0.1629796028137207},"size":20.191965103149415,"orthographic":false}