{"cameraMode":{"drawMode":0,"name":"Shaded","section":"Shading Mode"},"sceneLighting":true,"audioPlay":false,"sceneViewState":{"showFog":true,"showMaterialUpdate":false,"showSkybox":true,"showFlares":true,"showImageEffects":true,"showParticleSystems":true},"in2DMode":false,"pivot":{"x":4.307089805603027,"y":2.279798746109009,"z":-20.892866134643556},"rotation":{"x":0.002651912858709693,"y":0.9908987283706665,"z":-0.019630633294582368,"w":0.13337714970111848},"size":28.578840255737306,"orthographic":false}