{"cameraMode":{"drawMode":0,"name":"Shaded","section":"Shading Mode"},"sceneLighting":true,"audioPlay":false,"sceneViewState":{"showFog":true,"showMaterialUpdate":false,"showSkybox":true,"showFlares":true,"showImageEffects":true,"showParticleSystems":true},"in2DMode":false,"pivot":{"x":-21.122589111328126,"y":-2.2797164916992189,"z":-23.249107360839845},"rotation":{"x":-0.0505988746881485,"y":0.9484172463417053,"z":-0.19799691438674928,"w":-0.2423718124628067},"size":128.2363739013672,"orthographic":false}